exbrokerltd@gmail.com,Hiring ccc,cccc
exbrokerltd@gmail.com,Hiring ,;yyyyyyyyyyyyvv
uj;
exbrokerltd@gmail.com,Hiring ,;yyyyyyyyyyyyvv
uj;
exbrokerltd@gmail.com,Hiring ,;yyyyyyyyyyyyvv
uj;
exbrokerltd@gmail.com,Hiring ,;yyyyyyyyyyyyvv
uj;
exbrokerltd@gmail.com,Hiring ,;yyyyyyyyyyyyvv
uj;
exbrokerltd@gmail.com,Hiring ,testing mail
exbrokerltd@gmail.com,Hiring ,i want to hire you testing
exbrokerltd@gmail.com,Hiring ,i want to hire you testing
exbrokerltd@gmail.com,Hiring ,i want to hire you testing2
exbrokerltd@gmail.com,Hiring ,i will love to hire you 
exbrokerltd@gmail.com,Hiring ,i will love to hire you 
